{
    "pytest": {
        "sum": 0.22396804095478728,
        "passed": 0.5714285714285714,
        "num_passed": 12,
        "num_tests": 21
    },
    "metrics": {}
}