{
    "pytest": {
        "sum": 0.12524483396555297,
        "passed": 0.47619047619047616,
        "num_passed": 10,
        "num_tests": 21
    },
    "metrics": {}
}