{
    "pytest": {
        "sum": 2.3947189149766928,
        "passed": 0.42857142857142855,
        "num_passed": 9,
        "num_tests": 21
    },
    "metrics": {}
}