{
    "pytest": {
        "sum": 0.2265187099837931,
        "passed": 0.6190476190476191,
        "num_passed": 13,
        "num_tests": 21
    },
    "metrics": {}
}