{
    "pytest": {
        "sum": 3.6593637129990384,
        "passed": 0.8947368421052632,
        "num_passed": 34,
        "num_tests": 38
    },
    "metrics": {}
}