{
    "pytest": {
        "sum": 0.028536786005133763,
        "passed": 0.9642857142857143,
        "num_passed": 27,
        "num_tests": 28
    },
    "metrics": {}
}